,2023-06-01 12:28:17
1,were encouraged by positive developments around two stocks that we really like
2,bofa says this littleknown software stock can rally 80 on strong ai demand
3,trump was recorded acknowledging he kept classified doc after leaving office
4,jim cramers top 10 things to watch in the stock market thursday
5,biden agrees to end student loan payment pause as part of debt ceiling deal
6,schumer seeks to fasttrack debt ceiling bill through senate
7,crypto investors eye inflation fed policy as bitcoin girds for summer doldrums
8,who does inflation hit hardest experts weigh in
9,retail investors start to join stock market rally data shows
10,heres how aibacked tools can help with worker stress and mental health
11,elon musk wrapped up his first visit to china in years heres what went down
12,meet david sacks the friend of elon musk who could play kingmaker for ron desantis
13,meet david sacks the friend of musk who could play kingmaker for desantis
14,are you the dwight of your office 3 signs you may be overstepping at work
15,these are the 7 most hated brands in americaelon musks twitter is no 4
16,investing in space virgin galactic still has a big hurdle to clear for commercial service
17,british pm rishi sunak says ukraines rightful place is in nato
18,how inflation and higher interest rates have reshaped car buying for many americans
19,dollar general stock drops as challenging economy drives dismal earnings report
20,kids who live with pets may be less prone to food allergies a new study shows
21,japan is in a goldilocks position credit suisse says heres how to play it
22,meta quest 3 unveiled ahead of apples planned vr headset debut
23,stocks making the biggest moves midday dollar general c3ai chewy and more
24,americans say companies should support lgbtq community glaad survey finds
25,pentagon awards spacex with ukraine contract for starlink satellite internet
26,i left the us for paris6 things french people do differently than americans to live long happy lives
27,nvidia nears 1 trillion valuationwhat youd have if you invested a decade ago
28,how to invest ahead of markets next tests top financial advisor
29,were adding to our position in this casino operator on a pullback
30,this cloud stock is an ai winner despite nearterm concerns analysts say
31,measuring inflation can be tricky and quirky here are 3 examples
32,goldman unveils a new list of top stock picks for clients heres whats on it
33,20230601 123907
34,why apples headset could succeed where every similar product has failed
35,20230601 125205
36,defense spending levels threaten to delay senate plan to fasttrack debt ceiling bill
37,defense spending levels threaten to delay senate plan to fasttrack debt bill
