,33
"ï»¿""debt ceiling negotiators make progress on spending",here's where a possible sale of bed bath & beyond and buy buy baby stands
" but still have 'major issues'""","ge, india's hindustan aeronautics near deal to manufacture fighter jet engines"
morgan stanley upgrades this  mining stock that can surge more than 20%,jim cramer's top 10 things to watch in the stock market friday
"ai is the latest buzzword in techbut before investing, know these 4 terms","this one-time strategy can waive irs tax penalties, expert says"
"ford's ev charging deal with tesla puts pressure on gm, other rival automakers","as chatter of a new bull market grows, there are reasons why it still doesn't feel that way"
marvell shares soar 25% after the chip firm beats on top and bottom line results,one of america's richest self-made women quit her consulting job to cook edibles
"jpmorgan chase cut about 500 jobs this week, including technology and operations roles",trump gears up for legal brawl as two of his attorneys step down
dow jumps 300 points as wall street grows hopeful that a debt ceiling deal can be reached,tesla on track to match its longest winning streak on heels of gm charging deal
nvidia shares jumped 25% this week  and got cheaper. here's how that happens,bank of america turns bullish on stocks and recommends these strategies
disney rips desantis bid to disqualify judge in free speech lawsuit,5 things you should always buy at costcoand 5 you can skip
is there a 'right' age for kids to be on social media? here's what an expert says,"im a psychologist in finland, the no. 1 happiest country in the worldhere's the real meaning of life"
investors shifted into these gold and small-cap etfs this week,trump lawyers quit classified documents case
vesting means it can take up to 6 years for workers to own their 401(k) match,the fed may take a break from rate hikes. what that means for you
a.i. excitement leads to a winning week for nvidia and other tech stocks,"apple vision pro: impressive specs, new way of interacting could break vr curse"
"despite all odds, consumers are still traveling this summer. how to play it",tiktok-based entrepreneurs fear a ban: 'i'll be screwed'
taylor swift to metallica: top 10 most in-demand artists of summer,hsbc pulls some uk mortgage deals as fears of rising rates hits home buyers once more
companies are learning gen z isnt the easiest generation to work with,"how samsung became the no. 2 advanced chipmaker, set stage for u.s. expansion"
"club name ford teams up with tesla, sending shares soaring",prince harry was in court in the uk this week: here's what's going on
paramount shares pop after bdt capital bets on the media giant's key shareholder,"this customer engagement platform can rally 40% with a.i.'s help, goldman says"
biden interior advances renewable energy transmission projects in nevada,livestream shopping booms as small businesses strike gold on social media
"needham says this stock plays the 'almost perfect marriage' between a.i., crypto",santos asks court to reverse order to reveal bail backers' identities in fraud case
"30-year-old billionaire started with a website, sewing kit and pizza hut salary",what it takes to get a stock out of our bullpen and into the club portfolio
why the pause on student loan payments has been a win for public servants,fda advisors to weigh alzheimer's drug leqembi for full approval
house passes bill blocking student debt forgivenesswhat borrowers need to know,jpmorgan bond chief bob michele sees worrying echoes of 2008 in market calm
jpmorgan ceo jamie dimon faces deposition in jeffrey epstein lawsuits,epstein accuser seeks new testimony from jpmorgan ceo jamie dimon
how virtual layoffs became the new normal for workplaces,nvidia is up 163% this yearwhat to know before investing
bofa hits spacecraft builder terran orbital with rare double downgrade,remote jobs move overseas and to smaller u.s. citieswhat workers should know
heres why it might be time to buy longer-term bonds now,"cramer cautions investors to 'temper your enthusiasm,' with market overbought"
"jpmorgan chase cut about 500 jobs this week, including tech and operations roles","friday's top analyst calls: apple, netflix, target, tesla, corning, adobe, ulta"
how this cmo got comfortable embracing his asian identity at work,americans owe nearly $1 trillion in credit card debthere's the breakdown by age
facebook-giphy sale shows how fear of regulators is slowing m&a market,a 14-year-old helped animate new 'spider-man' movie: 'he blew us all away'
apple and nvidia are in my top 5 holdings. am i still diversified enough?,
"stocks making the biggest moves midday: ford, marvell technology, gap and more",
"companies add, expand tuition assistance so workers can go back to college",
