6/1/2023 16:03,,
,,
here's how to buy treasury bills as yields top 5%,,
here's why diddy is suing diageo over his vodka and tequila brands,,
here's what to watch out for in friday's jobs report for may,,
kids who live with pets may be less prone to food allergies, a new study shows,
here's what earnings from industry rivals mean for two club names,,
barack obama: what 'the most successful people' do differently in their careers,,
reddit will charge hefty fees to millions of third-party apps that access its data,,
donald trump plans 2024 fundraising swing from georgia to his n.j. golf course,,
salesforce tumbles despite strong earnings. here’s what the pros say,,
medicare details plan to cover alzheimer's treatments,,
lululemon shares surge after reporting sales growth, raising full-year guidance,
retail investors start to join stock market rally, data shows,
senate votes to repeal biden's student loan forgiveness plan,,
fortinet and more: cnbc's 'halftime report' traders answer your questions,,
'uber crowded' trades from professional investors are crushing the market,,
why apple's vr headset could succeed where every similar product has failed,,
cnn's new coo underscores bond between ceo chris licht and wbd boss david zaslav,,
nyu's damodaran says he sold half his nvidia stake for one simple reason,,
we're encouraged by positive developments around two stocks that we really like,,
why do some companies have weird fiscal years that don't align with the calendar?,,
money stored in payment apps such as venmo may be more vulnerable, cfpb says,
stocks making the biggest moves midday: dollar general, c3.ai, chewy and more
actor mark wahlberg lobbies to make las vegas a hollywood in the desert,,
why iran keeps seizing oil tankers in the strait of hormuz,,
microsoft signs deal with nvidia-backed coreweave to meet a.i. computing demand,,
defense spending levels threaten to delay senate plan to fast-track debt ceiling bill,,
amazon's north america fulfillment head is leaving,,
fda mulls cancer drug imports from unapproved companies to ease chemo shortage,,
,,
,,
,,
,,
,,
,,
,,
,,
,,
,,
,,
2023-06-01 16:37:57,"retail investors start to join stock market rally, data shows","top hollywood exec made $498 million in 5 years, while writer pay dropped","lululemon shares surge after reporting 24% sales growth, raising full-year guidance","money stored in payment apps such as venmo may be more vulnerable, cfpb says","lululemon shares surge after reporting sales growth, raising full-year guidance",boeing further delays first starliner astronaut mission after discovering more issues,these jobs-related names are underperforming — and could signal a slowdown ahead,"kids who live with pets may be less prone to food allergies, a new study shows",reddit will charge fees to millions of third-party apps that access its data,"get ready to sell nasdaq stocks, according to wall street seasonal theory","stocks making biggest after-hours moves: lululemon, mongodb, five below and more"
