38:53.1,Unnamed: 1,Unnamed: 2,2023-06-02 14:59:34
,,,
"Even as inflation rate subsides, prices may stay higher. Here's why",,,
Telecom stocks fall on report Amazon considers launching mobile service for Prime members,,,
"Why wealthy Americans love UBS, the secretive Swiss banking giant",,,
Atlantic Equities downgrades this music stock as A.I. threatens revenue growth,,,
"Diamond Sports must pay four MLB teams in full, bankruptcy judge says",,,
1 in 3 parents worries taking advantage of flexible work will hurt their careers,,,
"Stocks making the biggest moves midday: Lululemon, SentinelOne and more",,,
"Traders are betting on a short-term reversal for chip stocks, ETF flows show",,,
Buy Buy Baby draws sale interest in Bed Bath & Beyond bankruptcy,,,
A child psychiatrist shares 4 ways to moderate your kids' social media use,,,
Crypto bill from Republicans lays out clear roles for SEC and CFTC,,,
West Coast ports shut after union workers walk off job over wages,,,
"SUNY sends college acceptance letters to 125,000 high school seniors",,,Here's our first-quarter earnings report card for every stock in the portfolio
